{
    "loss": 3.3775136470794678,
    "accuracy": 0.6107838749885559
}