{
    "loss": 23.907371520996094,
    "accuracy": 0.690077006816864
}