{
    "loss": 2.9353036880493164,
    "accuracy": 0.6021748781204224
}