{
    "loss": 3.357475996017456,
    "accuracy": 0.7285908460617065
}